user_id,book_id,rating
1,1,4
1,2,4
1,6,2
1,13,5
1,16,3
1,25,4
1,26,4
1,27,5
1,32,5
1,37,5
1,42,5
1,44,4
1,45,4
1,46,4
1,64,4
2,1,5
2,2,4
2,3,4
2,9,5
2,20,1
2,26,4
2,27,5
2,28,5
2,29,4
2,31,4
2,32,4
2,37,5
2,42,5
2,43,5
2,44,5
2,45,4
2,46,5
2,64,5
3,1,4
3,2,4
3,4,3
3,7,3
3,14,2
3,15,3
3,20,3
3,25,4
3,26,4
3,27,5
3,29,4
3,31,5
3,32,5
3,37,5
3,42,5
3,43,5
3,45,4
3,46,4
3,51,4
3,53,3
3,64,5
4,1,4
4,3,4
4,13,4
4,27,4
4,28,5
4,29,4
4,30,4
4,31,5
4,37,5
4,38,5
4,41,4
4,51,4
4,64,5
5,3,4
5,21,3
5,25,4
5,28,5
5,29,4
5,30,4
5,31,5
5,32,5
5,37,5
5,38,5
5,42,4
5,44,5
5,45,4
5,46,5
5,49,2
5,55,5
5,58,2
5,59,2
6,1,4
6,2,4
6,3,4
6,8,5
6,12,5
6,25,4
6,26,4
6,32,4
6,37,5
6,41,5
6,44,4
6,45,4
6,46,4
6,64,4
7,2,4
7,12,5
7,21,5
7,25,4
7,26,5
7,27,4
7,28,5
7,29,4
7,30,5
7,31,5
7,32,5
7,42,5
7,43,5
7,45,4
7,46,5
8,2,4
8,5,3
8,6,4
8,8,3
8,21,4
8,26,5
8,27,4
8,28,5
8,29,4
8,30,4
8,32,5
8,33,2
8,37,5
8,38,5
8,42,5
8,45,4
8,46,4
8,49,4
8,52,4
8,64,5
9,2,4
9,3,3
9,7,2
9,9,2
9,16,1
9,26,4
9,27,4
9,30,4
9,31,5
9,32,5
9,36,2
9,38,5
9,41,5
9,42,5
9,49,4
9,51,2
9,61,2
9,64,4
10,1,4
10,3,4
10,8,3
10,17,2
10,19,2
10,21,4
10,25,4
10,26,4
10,28,5
10,29,4
10,30,4
10,37,5
10,43,5
10,44,5
10,45,4
10,57,4
10,59,3
11,1,4
11,2,4
11,3,4
11,5,2
11,8,5
11,14,3
11,26,4
11,27,5
11,29,5
11,30,4
11,32,4
11,37,5
11,40,2
11,45,4
11,49,4
11,64,5
12,1,4
12,2,4
12,3,4
12,19,5
12,25,4
12,27,5
12,28,5
12,29,5
12,30,4
12,33,2
12,37,5
12,38,5
12,41,5
12,42,5
12,43,5
12,44,4
12,45,5
12,48,2
12,58,2
12,64,5
13,2,4
13,10,3
13,12,3
13,17,4
13,25,4
13,26,4
13,27,4
13,29,4
13,31,4
13,32,5
13,35,3
13,36,5
13,38,5
13,43,5
13,44,4
13,46,4
13,55,2
13,62,3
13,64,5
14,1,4
14,2,4
14,12,2
14,17,5
14,24,2
14,27,4
14,28,5
14,29,4
14,32,5
14,38,5
14,41,4
14,46,4
14,64,5
15,1,4
15,3,3
15,25,5
15,26,4
15,27,5
15,28,5
15,29,5
15,31,4
15,32,5
15,36,4
15,37,5
15,38,4
15,40,4
15,43,5
15,44,4
15,46,4
15,64,5
16,1,5
16,2,4
16,3,4
16,9,2
16,19,5
16,24,3
16,25,5
16,28,5
16,29,5
16,32,5
16,37,5
16,41,5
16,44,4
16,45,5
16,47,2
16,51,3
16,59,3
16,64,5
17,3,4
17,4,3
17,13,2
17,19,5
17,25,4
17,26,4
17,27,4
17,28,5
17,31,5
17,36,4
17,41,4
17,42,5
17,44,4
17,46,4
17,62,3
18,1,4
18,3,4
18,6,3
18,24,3
18,26,4
18,27,5
18,28,5
18,30,4
18,32,5
18,37,5
18,41,4
18,43,4
18,45,4
18,46,4
18,47,4
18,57,2
18,64,5
19,2,4
19,3,4
19,4,4
19,7,3
19,9,3
19,13,2
19,25,4
19,28,5
19,30,3
19,31,4
19,32,5
19,35,2
19,38,5
19,42,5
19,46,4
19,60,4
19,64,4
20,1,4
20,2,4
20,3,4
20,4,3
20,6,4
20,25,4
20,27,5
20,29,3
20,37,5
20,41,5
20,43,5
20,45,4
20,46,4
20,47,4
20,60,5
20,62,3
21,1,4
21,3,4
21,20,2
21,26,5
21,27,4
21,30,5
21,37,5
21,41,4
21,42,5
21,47,5
21,58,5
21,63,3
21,64,4
22,1,4
22,2,4
22,3,4
22,14,2
22,19,2
22,28,5
22,29,4
22,30,4
22,31,4
22,35,3
22,38,4
22,41,4
22,42,5
22,44,4
22,46,4
22,47,5
22,64,5
23,1,4
23,3,5
23,5,2
23,22,2
23,27,5
23,28,5
23,29,4
23,30,4
23,31,4
23,38,4
23,42,5
23,43,5
23,44,4
23,46,4
23,47,5
23,64,5
24,2,4
24,3,4
24,14,4
24,25,4
24,29,4
24,30,4
24,42,5
24,43,5
24,44,4
24,48,4
24,60,3
25,1,4
25,3,5
25,13,1
25,14,4
25,16,2
25,23,4
25,25,4
25,26,4
25,32,5
25,33,3
25,37,5
25,38,4
25,42,5
25,44,3
25,45,4
25,46,4
25,49,3
25,55,3
26,2,4
26,15,2
26,25,4
26,26,4
26,29,4
26,31,5
26,32,5
26,37,5
26,38,5
26,44,4
26,45,4
26,53,2
26,54,4
26,64,5
27,3,4
27,13,2
27,26,4
27,28,5
27,29,4
27,30,4
27,32,5
27,37,5
27,39,3
27,40,3
27,41,5
27,42,5
27,43,4
27,44,4
27,45,4
27,54,5
28,1,5
28,2,4
28,14,5
28,25,5
28,26,4
28,27,5
28,31,5
28,32,4
28,37,5
28,41,5
28,44,4
28,45,3
28,46,4
29,1,4
29,2,4
29,3,3
29,25,4
29,29,3
29,32,5
29,37,4
29,38,5
29,42,5
29,43,5
29,44,5
29,45,4
29,46,4
29,48,3
29,55,3
29,59,1
29,61,2
30,1,4
30,2,4
30,3,4
30,16,2
30,25,4
30,26,4
30,29,5
30,30,4
30,37,5
30,38,5
30,39,5
30,41,5
30,45,5
30,51,1
30,61,3
30,62,5
30,64,5
31,1,5
31,2,4
31,16,3
31,25,4
31,26,3
31,27,4
31,29,5
31,32,4
31,37,4
31,38,5
31,39,4
31,42,4
31,44,4
31,45,4
31,46,5
31,47,2
31,64,4
32,1,4
32,2,5
32,25,3
32,26,5
32,27,4
32,28,4
32,30,5
32,31,4
32,38,4
32,39,5
32,44,5
32,46,3
32,48,2
32,62,4
32,64,4
33,1,5
33,2,4
33,19,3
33,27,4
33,28,5
33,30,5
33,31,4
33,32,4
33,34,2
33,37,4
33,38,4
33,39,2
33,42,4
33,43,4
33,44,5
33,46,5
33,48,3
33,62,4
33,64,5
34,4,3
34,24,1
34,27,4
34,29,5
34,32,4
34,37,4
34,38,4
34,41,5
34,42,4
34,45,4
34,46,4
34,52,4
34,64,4
35,2,4
35,9,2
35,27,4
35,28,4
35,29,5
35,36,2
35,37,5
35,38,5
35,39,1
35,41,4
35,42,4
35,43,4
35,44,5
35,45,4
35,46,3
35,52,5
35,58,3
35,61,2
35,62,4
35,64,5
36,2,4
36,3,4
36,4,2
36,17,3
36,25,4
36,27,4
36,28,4
36,30,4
36,31,5
36,38,4
36,41,3
36,43,4
36,44,4
36,45,4
36,57,2
36,64,3
37,2,5
37,23,2
37,26,4
37,27,4
37,28,5
37,30,5
37,32,4
37,43,4
37,44,4
37,45,4
37,46,4
37,47,3
37,57,5
37,63,2
37,64,4
38,3,4
38,8,4
38,25,4
38,26,4
38,27,4
38,29,5
38,31,4
38,32,4
38,37,4
38,41,5
38,44,5
38,46,4
38,54,2
38,57,4
38,64,4
39,1,4
39,8,5
39,24,3
39,25,5
39,26,5
39,28,4
39,30,5
39,31,5
39,32,5
39,37,4
39,42,4
39,43,4
39,44,4
39,45,4
39,46,4
39,64,4
40,1,4
40,2,4
40,8,5
40,12,3
40,14,3
40,25,4
40,26,4
40,27,4
40,30,5
40,31,5
40,32,4
40,38,4
40,41,4
40,44,5
40,45,4
40,46,3
40,57,5
41,1,4
41,2,4
41,3,5
41,8,2
41,23,3
41,25,3
41,26,4
41,29,5
41,30,5
41,31,4
41,37,4
41,38,5
41,41,4
41,45,4
41,57,5
41,64,4
42,2,4
42,5,4
42,15,3
42,26,4
42,27,5
42,28,4
42,32,5
42,36,3
42,38,4
42,40,4
42,41,4
42,43,4
42,44,4
42,45,4
42,46,4
42,64,4
43,1,4
43,2,4
43,3,3
43,8,4
43,14,2
43,25,5
43,26,4
43,29,4
43,30,5
43,31,5
43,35,4
43,37,4
43,43,4
43,45,5
43,46,5
43,52,2
43,64,5
44,1,4
44,3,4
44,5,4
44,8,2
44,25,4
44,26,4
44,27,4
44,29,5
44,31,4
44,35,3
44,38,4
44,39,2
44,40,5
44,41,4
44,42,4
44,43,4
44,44,3
44,45,4
44,46,4
44,63,3
44,64,4
45,1,3
45,3,4
45,9,2
45,23,4
45,25,5
45,27,4
45,28,3
45,29,5
45,30,5
45,31,4
45,38,4
45,42,4
45,43,4
45,44,4
45,45,4
45,53,2
46,3,4
46,7,2
46,10,2
46,11,1
46,14,3
46,27,4
46,29,4
46,30,5
46,40,4
46,41,4
46,43,4
46,44,4
46,46,4
46,51,2
46,64,5
47,1,4
47,3,4
47,8,1
47,23,5
47,25,4
47,26,4
47,29,5
47,38,3
47,40,4
47,41,4
47,43,4
47,45,4
47,46,5
47,56,2
48,4,2
48,14,5
48,26,3
48,28,5
48,32,4
48,37,4
48,38,4
48,41,4
48,43,5
48,44,4
48,57,4
48,64,4
49,1,4
49,2,4
49,3,4
49,11,5
49,14,4
49,15,3
49,17,2
49,19,2
49,25,4
49,26,4
49,27,4
49,29,5
49,30,5
49,32,4
49,37,4
49,41,4
49,42,4
49,43,5
49,44,5
49,53,3
49,60,4
50,1,4
50,3,4
50,7,5
50,11,4
50,14,2
50,19,4
50,25,5
50,26,3
50,27,4
50,28,4
50,30,5
50,31,4
50,42,5
50,45,4
50,64,4
51,1,4
51,7,4
51,8,3
51,14,4
51,19,4
51,28,4
51,31,5
51,32,4
51,36,4
51,38,4
51,42,4
51,43,4
51,45,4
51,46,4
52,3,4
52,14,5
52,21,3
52,25,4
52,28,4
52,30,5
52,31,4
52,32,4
52,38,4
52,41,4
52,42,5
52,43,4
52,44,4
52,45,5
52,46,4
52,57,5
52,58,2
53,1,4
53,2,4
53,4,2
53,5,1
53,14,4
53,15,2
53,20,2
53,23,1
53,25,4
53,26,4
53,28,5
53,29,5
53,31,5
53,32,5
53,37,4
53,38,4
53,41,4
53,44,4
53,45,5
53,49,3
53,57,4
54,1,4
54,2,4
54,3,5
54,8,3
54,10,4
54,25,4
54,27,5
54,30,5
54,31,4
54,32,4
54,38,4
54,42,4
54,44,4
54,45,4
54,51,3
54,53,3
54,57,4
54,62,4
55,2,4
55,3,4
55,12,2
55,13,3
55,22,2
55,26,3
55,27,4
55,28,4
55,30,5
55,31,5
55,36,3
55,37,3
55,38,4
55,41,5
55,42,4
55,44,4
55,46,4
55,62,4
55,63,5
55,64,4
56,1,4
56,2,4
56,24,4
56,28,3
56,29,5
56,30,5
56,31,5
56,32,4
56,37,4
56,38,5
56,41,4
56,42,4
56,43,3
56,46,5
56,62,4
56,64,4
57,1,4
57,2,4
57,3,4
57,22,1
57,24,5
57,25,4
57,28,4
57,29,5
57,30,5
57,31,5
57,42,4
57,44,5
57,45,4
57,46,4
57,59,2
57,62,2
57,63,5
58,2,5
58,3,5
58,5,4
58,20,2
58,25,4
58,26,4
58,27,5
58,30,5
58,31,5
58,41,4
58,42,4
58,43,4
58,44,4
58,46,5
58,50,2
58,56,3
58,60,3
58,63,5
59,2,4
59,3,4
59,10,4
59,27,5
59,28,5
59,29,5
59,30,5
59,31,5
59,37,4
59,41,4
59,42,4
59,43,4
59,45,4
59,46,5
59,63,5
59,64,4
60,1,5
60,8,1
60,11,5
60,25,4
60,26,4
60,28,4
60,30,5
60,31,5
60,32,5
60,37,4
60,38,5
60,41,4
60,44,4
60,45,3
60,46,4
61,1,4
61,2,4
61,3,4
61,4,3
61,9,3
61,24,3
61,25,4
61,27,5
61,29,4
61,30,4
61,31,5
61,32,4
61,37,5
61,39,5
61,41,4
61,42,4
61,44,4
61,45,5
61,46,5
61,56,5
61,64,4
62,1,3
62,2,5
62,3,4
62,15,4
62,22,3
62,25,4
62,26,4
62,27,4
62,32,4
62,39,5
62,40,4
62,41,5
62,42,4
62,43,5
62,44,4
62,46,5
62,56,4
62,58,2
62,61,4
63,2,4
63,3,4
63,19,3
63,22,5
63,23,2
63,25,4
63,28,4
63,29,4
63,30,4
63,31,4
63,32,5
63,39,5
63,40,4
63,41,4
63,43,3
63,45,5
63,46,5
63,51,3
63,56,4
63,61,4
63,62,4
63,64,4
64,1,4
64,2,4
64,3,4
64,11,4
64,22,5
64,25,5
64,26,3
64,27,4
64,28,5
64,29,4
64,31,4
64,32,5
64,34,2
64,38,4
64,41,3
64,43,4
64,46,5
64,55,2
64,57,2
64,59,3
64,61,4
64,64,4
65,1,4
65,2,4
65,3,4
65,11,5
65,26,5
65,29,4
65,30,4
65,31,4
65,37,4
65,39,4
65,40,4
65,41,4
65,42,4
65,43,4
65,45,5
65,46,5
65,53,4
65,56,2
65,61,5
65,62,4
65,63,3
66,2,4
66,3,4
66,4,4
66,25,4
66,27,4
66,28,4
66,29,4
66,30,4
66,37,4
66,38,4
66,43,4
66,44,4
66,46,5
66,47,5
66,54,3
66,57,1
66,62,4
67,1,4
67,3,4
67,26,4
67,30,4
67,32,5
67,33,5
67,36,4
67,38,3
67,39,3
67,40,5
67,41,3
67,45,5
67,46,5
67,47,5
67,62,5
67,64,4
68,1,3
68,2,4
68,3,4
68,4,5
68,25,4
68,29,4
68,30,4
68,32,5
68,33,5
68,37,4
68,38,4
68,41,4
68,42,5
68,43,4
68,45,5
68,46,4
68,52,1
68,54,4
68,61,5
68,62,4
68,64,4
69,2,4
69,3,4
69,10,2
69,22,3
69,23,5
69,25,4
69,26,4
69,27,5
69,29,4
69,31,4
69,39,4
69,40,4
69,44,4
69,45,5
69,47,4
69,61,4
69,64,4
70,1,4
70,2,4
70,4,4
70,16,3
70,23,5
70,26,4
70,27,3
70,28,4
70,29,4
70,30,4
70,31,4
70,38,5
70,41,4
70,46,5
70,48,4
70,64,4
71,1,5
71,2,5
71,3,4
71,4,5
71,25,4
71,27,4
71,28,5
71,30,4
71,32,5
71,37,5
71,39,4
71,41,4
71,42,4
71,43,4
71,45,5
71,46,4
71,47,4
71,61,4
72,1,5
72,2,5
72,19,5
72,23,2
72,26,4
72,27,4
72,28,4
72,30,4
72,37,4
72,39,4
72,41,4
72,44,4
72,45,5
72,46,5
72,56,3
72,62,4
72,64,5
73,1,4
73,2,5
73,25,4
73,26,4
73,27,5
73,28,4
73,29,4
73,30,4
73,31,5
73,38,5
73,40,4
73,41,4
73,42,4
73,44,4
73,45,5
73,47,2
73,52,5
73,64,5
74,1,5
74,2,4
74,19,5
74,25,4
74,29,4
74,30,4
74,38,4
74,39,4
74,40,4
74,41,4
74,42,5
74,43,4
74,44,4
74,46,5
74,52,4
74,61,4
75,1,4
75,2,4
75,3,4
75,14,3
75,21,5
75,25,4
75,27,5
75,29,4
75,38,5
75,40,4
75,41,5
75,43,4
75,44,4
75,45,5
75,46,5
75,51,1
75,59,3
75,61,4
75,64,3
76,1,5
76,2,4
76,6,3
76,22,4
76,25,4
76,29,4
76,30,4
76,31,5
76,40,4
76,42,4
76,43,3
76,44,5
76,45,5
76,52,4
76,56,1
77,2,4
77,3,4
77,21,4
77,25,3
77,27,5
77,28,4
77,29,4
77,30,4
77,32,4
77,37,5
77,38,4
77,40,5
77,41,5
77,42,4
77,43,4
77,44,5
77,46,5
77,50,2
77,61,4
77,64,4
78,1,5
78,2,4
78,18,3
78,28,4
78,29,4
78,31,5
78,33,4
78,38,4
78,39,4
78,40,4
78,41,4
78,44,5
78,45,5
78,50,5
78,57,2
78,61,3
78,62,4
79,1,5
79,2,4
79,4,5
79,18,3
79,24,4
79,26,4
79,29,3
79,30,4
79,31,5
79,38,4
79,39,4
79,40,4
79,42,4
79,43,4
79,44,4
79,50,2
79,61,4
79,62,4
79,64,3
80,1,5
80,2,4
80,3,4
80,4,3
80,5,2
80,17,3
80,22,3
80,24,5
80,26,4
80,30,5
80,31,5
80,32,5
80,33,4
80,37,3
80,38,4
80,39,4
80,40,4
80,41,4
80,42,4
80,43,4
80,44,5
80,45,5
80,46,5
80,48,4
80,64,4
81,1,5
81,3,4
81,4,4
81,25,5
81,27,4
81,28,4
81,29,4
81,31,4
81,32,5
81,39,4
81,40,4
81,41,4
81,42,4
81,43,5
81,44,5
81,45,5
81,46,5
81,50,5
81,59,2
81,62,5
81,64,4
82,1,5
82,2,4
82,3,4
82,11,2
82,18,3
82,24,4
82,25,5
82,26,4
82,31,4
82,40,3
82,41,5
82,42,4
82,44,4
82,46,5
82,50,3
82,62,4
82,63,5
82,64,4
83,1,4
83,2,3
83,3,3
83,4,4
83,28,4
83,30,4
83,31,5
83,32,5
83,33,5
83,37,5
83,38,4
83,39,4
83,40,4
83,41,3
83,43,4
83,44,5
83,45,5
83,46,5
83,62,4
83,64,5
84,1,3
84,2,4
84,3,4
84,5,5
84,23,3
84,25,5
84,26,4
84,28,4
84,29,4
84,30,4
84,31,5
84,33,4
84,37,4
84,38,4
84,39,4
84,41,4
84,45,5
84,61,4
85,1,4
85,3,4
85,5,5
85,25,4
85,26,4
85,27,4
85,31,5
85,32,4
85,33,4
85,36,2
85,37,4
85,39,4
85,40,5
85,41,4
85,43,5
85,46,5
85,60,2
85,61,5
85,62,4
85,64,4
86,1,4
86,3,4
86,16,3
86,26,4
86,27,5
86,28,4
86,29,4
86,31,5
86,33,5
86,34,3
86,40,4
86,41,4
86,43,3
86,44,5
86,46,4
86,55,5
86,64,5
87,1,4
87,3,4
87,5,2
87,6,2
87,11,4
87,19,2
87,22,2
87,28,4
87,29,4
87,31,5
87,32,4
87,38,4
87,40,4
87,41,3
87,42,5
87,43,4
87,44,4
87,45,4
87,46,5
87,55,4
87,61,4
87,62,4
88,1,5
88,2,4
88,5,5
88,6,3
88,7,3
88,12,3
88,13,3
88,22,2
88,26,3
88,27,4
88,29,4
88,31,5
88,32,4
88,37,4
88,38,4
88,42,4
88,43,5
88,44,4
88,45,5
88,46,5
88,64,4
89,1,4
89,2,4
89,3,4
89,5,4
89,14,2
89,25,4
89,26,4
89,27,4
89,28,5
89,29,4
89,30,4
89,31,4
89,32,4
89,38,5
89,39,4
89,41,5
89,43,4
89,45,5
89,50,3
89,55,4
89,59,3
89,61,4
89,62,4
89,64,4
90,1,4
90,2,5
90,3,4
90,9,2
90,26,4
90,27,5
90,28,3
90,30,4
90,32,5
90,36,5
90,38,3
90,39,5
90,40,4
90,41,4
90,42,5
90,43,5
90,44,4
90,46,5
90,61,3
90,64,4
91,4,5
91,5,5
91,7,5
91,14,5
91,19,4
91,25,4
91,26,3
91,36,5
91,39,4
91,41,2
91,47,4
91,48,4
91,59,2
92,4,5
92,6,5
92,7,5
92,39,4
92,40,4
92,43,2
92,48,4
92,49,4
92,50,5
92,51,4
92,52,4
93,4,5
93,5,5
93,6,5
93,8,5
93,14,2
93,17,3
93,19,4
93,26,3
93,33,3
93,39,5
93,40,4
93,47,5
93,48,5
93,49,5
93,50,5
93,51,5
93,52,5
93,53,2
93,60,2
94,5,4
94,6,5
94,8,5
94,14,5
94,19,4
94,22,2
94,39,4
94,42,2
94,48,5
94,59,3
95,4,5
95,6,5
95,7,5
95,8,5
95,17,4
95,18,4
95,19,4
95,21,4
95,24,3
95,36,5
95,39,4
95,47,4
95,48,4
95,49,4
95,51,5
96,4,5
96,5,4
96,6,5
96,7,5
96,8,5
96,18,4
96,22,4
96,40,4
96,44,3
96,47,5
96,48,4
96,49,5
96,50,5
97,4,5
97,6,5
97,7,5
97,8,4
97,17,3
97,19,5
97,22,5
97,31,3
97,47,4
97,48,5
97,50,5
98,5,4
98,6,5
98,10,3
98,39,4
98,40,5
98,45,5
98,48,4
98,49,5
98,50,5
98,51,4
98,54,3
99,4,5
99,5,4
99,6,5
99,7,5
99,8,4
99,9,5
99,19,5
99,20,3
99,22,5
99,32,3
99,40,4
99,47,5
99,49,5
99,50,5
99,51,5
99,56,3
100,4,5
100,5,5
100,6,5
100,8,5
100,18,4
100,22,4
100,29,3
100,40,5
100,47,5
100,48,4
100,50,5
101,4,5
101,5,4
101,7,4
101,8,4
101,16,3
101,18,5
101,19,4
101,31,2
101,39,5
101,40,5
101,42,2
101,45,4
101,47,5
101,48,4
101,50,5
101,51,5
102,5,5
102,6,5
102,8,5
102,18,4
102,19,4
102,39,4
102,40,4
102,46,4
102,47,5
102,50,5
102,62,5
103,4,5
103,5,5
103,6,5
103,8,5
103,10,4
103,11,1
103,13,4
103,23,4
103,31,3
103,39,5
103,40,5
103,46,4
103,47,5
103,48,5
103,49,4
103,50,5
104,4,5
104,5,4
104,6,5
104,25,4
104,40,4
104,46,4
104,49,5
104,51,5
105,4,5
105,7,5
105,8,4
105,13,5
105,18,5
105,19,4
105,25,4
105,39,5
105,47,5
105,48,5
105,49,5
105,50,5
105,51,5
106,4,5
106,5,4
106,6,5
106,8,5
106,18,5
106,19,4
106,25,5
106,32,2
106,39,4
106,47,5
106,48,4
106,49,4
106,50,5
106,51,5
106,61,4
106,62,5
106,64,2
107,3,3
107,5,5
107,6,5
107,7,4
107,8,5
107,18,5
107,19,4
107,25,4
107,26,2
107,39,4
107,46,4
107,47,5
107,48,5
107,49,4
107,50,5
107,60,2
107,62,4
108,4,5
108,6,5
108,7,4
108,8,4
108,18,4
108,19,4
108,24,4
108,29,1
108,34,4
108,41,5
108,47,4
108,48,5
108,49,5
108,51,4
108,55,3
109,5,4
109,7,5
109,8,5
109,13,4
109,19,4
109,20,2
109,28,3
109,39,4
109,40,4
109,41,5
109,51,5
109,59,3
109,62,3
110,4,5
110,5,5
110,6,5
110,8,5
110,13,4
110,19,5
110,29,2
110,39,3
110,40,4
110,47,4
110,49,5
110,51,4
111,6,5
111,8,5
111,18,5
111,24,4
111,29,4
111,30,2
111,39,4
111,40,5
111,47,5
111,48,4
111,51,5
112,5,5
112,18,5
112,29,5
112,34,2
112,39,4
112,40,5
112,41,5
112,47,5
112,48,4
112,51,4
113,4,5
113,7,4
113,11,1
113,13,5
113,22,3
113,24,3
113,36,2
113,39,5
113,40,5
113,44,4
113,47,4
113,50,5
113,51,5
114,4,5
114,5,5
114,6,5
114,7,4
114,19,5
114,39,4
114,40,4
114,43,4
114,47,4
114,48,5
114,49,4
114,54,4
115,5,5
115,7,5
115,13,5
115,14,3
115,19,4
115,30,1
115,36,2
115,43,4
115,46,2
115,48,5
115,49,5
115,50,5
116,4,5
116,8,4
116,12,3
116,13,5
116,19,4
116,20,2
116,27,2
116,39,5
116,43,4
116,47,5
116,50,5
117,5,5
117,8,5
117,12,3
117,13,4
117,19,5
117,28,4
117,40,4
117,47,5
117,49,5
117,50,5
117,51,5
117,55,2
117,57,3
117,63,4
118,4,5
118,5,5
118,6,5
118,13,4
118,18,5
118,19,4
118,26,3
118,39,4
118,47,5
118,48,5
118,49,5
118,50,5
119,4,5
119,5,4
119,6,5
119,7,5
119,8,5
119,9,2
119,13,5
119,18,4
119,19,4
119,24,3
119,30,3
119,37,2
119,39,4
119,40,5
119,43,4
119,48,4
119,62,3
120,4,5
120,5,5
120,7,5
120,8,5
120,15,5
120,17,2
120,18,4
120,19,5
120,22,1
120,47,5
120,49,5
120,55,3
121,6,5
121,7,5
121,8,5
121,15,5
121,31,3
121,40,4
121,47,5
121,51,5
121,52,5
122,1,2
122,3,4
122,6,5
122,8,5
122,15,5
122,18,4
122,22,3
122,26,2
122,39,3
122,46,1
122,47,5
122,49,5
122,55,3
122,60,5
123,4,5
123,6,5
123,8,5
123,14,4
123,22,4
123,31,4
123,39,4
123,40,5
123,49,5
123,50,5
123,51,5
123,52,5
123,55,3
124,4,5
124,5,4
124,6,5
124,7,5
124,8,5
124,18,4
124,23,5
124,26,1
124,33,4
124,37,3
124,38,3
124,40,5
124,47,5
124,51,4
124,52,5
124,53,3
124,56,2
124,60,3
125,5,4
125,7,5
125,10,3
125,17,3
125,18,4
125,22,4
125,23,5
125,39,4
125,47,4
125,48,5
125,50,4
125,53,4
125,57,3
125,60,4
126,4,5
126,5,4
126,7,5
126,8,4
126,21,2
126,22,4
126,23,5
126,32,4
126,38,2
126,39,4
126,40,5
126,47,4
126,48,5
126,49,4
127,4,5
127,6,4
127,8,5
127,19,4
127,32,4
127,39,3
127,40,5
127,47,5
127,48,5
127,50,4
127,51,5
127,53,5
128,5,3
128,6,5
128,7,5
128,8,4
128,17,3
128,19,4
128,24,3
128,26,3
128,32,5
128,39,4
128,48,5
128,53,4
128,56,2
129,4,5
129,8,4
129,18,5
129,19,5
129,22,5
129,30,3
129,32,4
129,39,4
129,40,5
129,43,3
129,46,3
129,47,5
129,50,4
129,51,5
129,53,5
130,4,5
130,7,5
130,8,5
130,9,3
130,18,4
130,19,4
130,22,4
130,23,5
130,24,2
130,38,3
130,40,5
130,44,3
130,47,5
130,48,5
130,49,4
130,51,4
130,53,5
130,63,4
131,4,5
131,5,4
131,6,4
131,14,1
131,18,5
131,19,5
131,22,4
131,23,4
131,32,5
131,39,4
131,40,4
131,47,4
131,48,5
131,56,2
132,4,5
132,5,5
132,6,4
132,7,4
132,17,5
132,18,5
132,20,2
132,22,4
132,31,2
132,39,4
132,40,5
132,49,5
132,50,5
132,51,4
132,63,3
133,5,4
133,6,5
133,11,3
133,12,4
133,16,3
133,18,4
133,19,4
133,22,4
133,40,4
133,48,5
133,51,4
133,53,4
134,2,2
134,4,5
134,5,4
134,6,4
134,8,4
134,9,3
134,18,4
134,19,4
134,22,4
134,35,1
134,39,4
134,40,4
134,47,5
134,49,5
134,51,5
134,53,5
135,1,3
135,4,5
135,5,4
135,6,4
135,11,2
135,18,5
135,19,5
135,22,4
135,23,1
135,39,5
135,40,4
135,48,5
135,49,4
135,50,5
135,51,4
135,53,5
136,6,4
136,8,5
136,9,3
136,12,4
136,17,5
136,19,4
136,22,4
136,31,3
136,39,3
136,47,5
136,49,4
136,50,4
136,51,5
136,52,2
137,6,5
137,8,5
137,12,4
137,20,2
137,22,3
137,39,4
137,40,5
137,47,5
137,49,4
137,51,4
137,53,4
138,1,3
138,3,3
138,5,4
138,8,5
138,16,3
138,19,4
138,22,4
138,25,3
138,36,2
138,47,4
138,48,5
138,49,4
138,60,3
138,62,4
138,63,5
139,4,5
139,7,5
139,11,2
139,17,4
139,33,2
139,37,3
139,39,4
139,40,4
139,47,4
139,48,5
139,49,5
139,50,5
139,51,5
139,55,3
139,58,4
140,3,3
140,4,5
140,5,4
140,6,4
140,8,5
140,22,4
140,39,4
140,47,5
140,48,5
140,49,5
140,55,4
140,62,5
141,4,5
141,6,5
141,7,5
141,17,5
141,22,4
141,39,4
141,40,4
141,42,2
141,48,5
141,49,4
141,50,5
141,51,5
141,55,5
141,58,1
142,6,5
142,7,5
142,18,5
142,22,4
142,40,5
142,49,5
142,55,5
142,63,4
143,5,4
143,7,5
143,18,5
143,22,3
143,24,3
143,40,4
143,44,2
143,47,5
143,49,5
143,55,5
143,63,5
144,1,1
144,3,5
144,5,4
144,7,5
144,18,5
144,19,4
144,20,5
144,22,3
144,35,3
144,39,4
144,47,4
144,50,4
144,62,5
144,64,3
145,6,4
145,13,5
145,14,2
145,18,4
145,19,4
145,40,4
145,42,4
145,47,5
145,49,4
145,51,5
146,1,3
146,3,4
146,4,5
146,5,4
146,6,5
146,19,3
146,22,4
146,41,4
146,48,5
146,49,4
146,50,4
146,62,5
147,4,5
147,7,5
147,8,5
147,18,5
147,40,4
147,47,5
147,48,5
147,50,5
147,51,5
147,61,1
147,62,4
148,8,5
148,10,3
148,18,4
148,19,4
148,22,4
148,39,4
148,42,5
148,47,4
148,48,5
148,49,5
148,62,4
148,63,3
149,4,5
149,5,4
149,6,4
149,7,5
149,8,5
149,15,2
149,18,4
149,19,4
149,22,4
149,37,2
149,39,4
149,42,5
149,43,3
149,48,4
149,49,5
149,51,5
149,62,4
150,4,4
150,6,5
150,7,5
150,8,5
150,18,5
150,22,4
150,28,3
150,30,5
150,40,4
150,45,5
150,51,5
150,55,2
150,63,2
151,1,3
151,4,4
151,5,4
151,6,5
151,7,4
151,8,4
151,18,4
151,21,2
151,24,3
151,27,4
151,28,1
151,30,5
151,40,4
151,48,3
151,49,4
151,51,5
152,4,4
152,6,4
152,19,4
152,30,4
152,33,1
152,40,4
152,42,4
152,47,3
152,49,4
152,50,5
152,51,5
152,58,3
153,3,4
153,4,4
153,5,4
153,6,5
153,7,4
153,8,4
153,10,2
153,18,4
153,19,5
153,27,4
153,39,4
153,40,5
153,47,4
153,48,5
153,49,4
153,51,5
153,57,3
154,4,4
154,5,4
154,6,4
154,7,4
154,18,4
154,19,5
154,27,5
154,39,4
154,48,4
154,49,4
154,50,4
154,51,5
154,52,3
155,4,4
155,5,4
155,6,4
155,8,5
155,18,4
155,19,5
155,45,5
155,47,4
155,48,4
155,49,4
155,50,5
155,51,5
155,61,3
156,4,4
156,5,4
156,6,5
156,8,5
156,18,4
156,24,3
156,31,2
156,35,5
156,38,3
156,39,5
156,40,4
156,45,2
156,47,5
156,50,4
156,51,5
156,56,3
157,4,4
157,5,5
157,6,4
157,7,4
157,8,4
157,18,4
157,29,2
157,31,4
157,34,5
157,39,5
157,40,4
157,50,4
157,51,5
157,60,2
158,4,5
158,5,4
158,7,4
158,18,4
158,19,4
158,28,3
158,34,5
158,39,4
158,45,3
158,46,2
158,48,4
159,5,4
159,6,4
159,7,5
159,8,4
159,17,2
159,19,4
159,39,5
159,47,4
159,48,4
159,49,4
159,50,5
159,51,5
159,54,3
159,61,5
160,3,3
160,4,4
160,6,4
160,8,4
160,15,3
160,18,5
160,19,5
160,27,1
160,40,4
160,45,2
160,49,4
160,50,5
160,51,5
160,52,3
160,61,5
161,4,4
161,6,4
161,8,4
161,18,4
161,26,3
161,32,3
161,47,4
161,48,4
161,50,5
161,51,5
161,52,3
161,61,5
162,3,4
162,4,4
162,6,5
162,7,4
162,8,4
162,14,2
162,18,5
162,19,4
162,29,5
162,47,4
162,48,4
162,50,4
162,51,4
162,54,3
163,2,3
163,4,4
163,6,4
163,7,5
163,8,4
163,11,4
163,18,4
163,19,4
163,34,3
163,36,2
163,47,4
163,49,4
163,50,4
163,63,5
164,3,5
164,4,4
164,6,4
164,7,4
164,9,3
164,11,4
164,19,5
164,22,2
164,39,4
164,47,4
164,48,5
164,49,4
164,51,5
164,62,3
165,4,5
165,6,5
165,13,2
165,18,4
165,19,4
165,29,4
165,35,2
165,47,4
165,48,4
165,49,4
165,50,4
165,51,5
165,59,3
165,63,4
166,4,4
166,5,4
166,7,4
166,8,4
166,11,4
166,18,4
166,23,4
166,40,4
166,42,3
166,47,4
166,49,4
166,51,5
166,58,2
166,63,4
167,3,5
167,4,3
167,5,4
167,6,4
167,15,4
167,19,4
167,28,2
167,31,2
167,40,5
167,47,4
167,48,4
167,49,5
167,51,5
168,4,5
168,6,5
168,7,4
168,8,4
168,15,2
168,19,3
168,33,4
168,36,2
168,47,5
168,48,5
168,49,4
168,50,5
168,51,5
168,61,1
169,4,3
169,5,4
169,6,4
169,7,4
169,14,4
169,18,4
169,19,4
169,26,4
169,28,4
169,33,4
169,34,1
169,48,4
169,51,5
169,56,2
170,4,5
170,6,5
170,8,4
170,18,5
170,33,4
170,40,4
170,42,3
170,48,5
170,50,4
170,51,5
170,59,3
170,60,4
170,62,2
170,64,2
171,5,4
171,6,4
171,7,4
171,8,4
171,18,4
171,19,4
171,33,4
171,39,4
171,47,3
171,49,4
171,50,5
171,51,4
171,56,2
171,62,3
172,5,4
172,8,4
172,10,3
172,14,2
172,26,5
172,36,2
172,40,4
172,44,3
172,47,4
172,48,4
172,49,3
172,51,4
172,53,4
172,61,4
172,64,2
173,4,5
173,5,4
173,6,5
173,7,4
173,18,5
173,29,3
173,30,3
173,33,5
173,39,4
173,40,4
173,47,4
173,48,4
173,50,4
173,51,5
173,60,5
174,4,4
174,5,4
174,6,5
174,8,4
174,18,4
174,21,5
174,26,3
174,27,2
174,29,3
174,40,4
174,44,2
174,48,4
174,49,5
175,4,4
175,5,5
175,6,5
175,16,2
175,18,5
175,19,4
175,36,1
175,47,4
175,49,4
175,56,4
176,4,4
176,5,4
176,6,4
176,8,3
176,18,4
176,19,4
176,21,5
176,40,4
176,47,4
176,50,4
176,52,3
176,56,5
177,6,5
177,19,4
177,24,3
177,32,3
177,33,4
177,39,4
177,40,5
177,47,4
177,49,4
177,51,5
178,4,5
178,8,4
178,12,4
178,18,4
178,19,5
178,21,4
178,28,2
178,40,4
178,47,4
178,49,4
179,4,4
179,5,4
179,6,5
179,7,4
179,15,3
179,16,3
179,27,3
179,29,2
179,33,4
179,39,4
179,40,5
179,47,5
179,48,4
179,49,4
179,51,5
180,2,2
180,4,4
180,6,5
180,7,4
180,10,3
180,18,4
180,19,4
180,22,4
180,25,5
180,40,5
180,47,5
180,48,3
180,49,4
180,50,5
180,51,5
180,55,4
180,64,2
181,9,4
181,10,3
181,12,5
181,14,5
181,15,5
181,16,5
181,22,4
181,25,4
181,27,2
181,36,5
181,41,4
181,52,4
181,55,4
181,56,5
182,6,3
182,9,4
182,11,4
182,12,5
182,13,5
182,15,5
182,16,5
182,25,5
182,37,2
182,39,4
182,52,5
182,53,4
182,55,5
182,56,4
183,5,2
183,9,4
183,11,4
183,12,4
183,15,5
183,17,4
183,19,2
183,21,3
183,37,3
183,39,4
183,41,4
183,46,4
183,52,4
183,53,3
183,54,4
183,55,5
183,56,5
183,57,2
183,58,5
183,60,3
184,9,4
184,10,5
184,11,4
184,12,5
184,14,5
184,15,5
184,17,3
184,22,2
184,25,5
184,39,3
184,46,4
184,53,4
184,54,4
184,56,5
184,58,5
184,62,4
185,9,5
185,10,4
185,11,4
185,13,5
185,17,4
185,21,5
185,35,3
185,36,4
185,39,5
185,41,4
185,48,3
185,53,4
185,54,3
185,55,4
185,58,5
185,59,4
186,5,5
186,6,2
186,10,4
186,12,4
186,13,5
186,14,4
186,15,4
186,16,5
186,21,2
186,23,4
186,36,4
186,39,4
186,41,4
186,48,5
186,49,4
186,50,4
186,52,4
186,54,4
186,55,4
186,56,4
186,62,5
187,5,5
187,11,4
187,12,5
187,13,5
187,15,4
187,16,4
187,18,2
187,20,2
187,36,4
187,41,4
187,52,4
187,54,4
187,62,4
188,5,4
188,8,3
188,9,4
188,11,4
188,12,5
188,13,5
188,36,4
188,39,4
188,41,4
188,46,5
188,50,3
188,52,3
188,54,4
188,55,5
189,5,5
189,10,4
189,11,4
189,12,5
189,13,5
189,14,5
189,15,4
189,16,5
189,17,4
189,21,1
189,36,5
189,39,4
189,48,4
189,53,4
189,55,5
189,56,5
189,62,3
190,9,4
190,10,4
190,11,4
190,12,4
190,13,5
190,14,5
190,15,5
190,16,5
190,26,3
190,32,4
190,36,5
190,41,4
190,48,5
190,52,5
190,55,4
190,56,5
191,5,4
191,6,5
191,8,2
191,9,4
191,13,5
191,14,5
191,27,2
191,36,4
191,39,4
191,45,1
191,46,4
191,52,4
191,54,4
191,55,5
191,59,3
191,62,4
192,10,4
192,11,4
192,12,5
192,13,5
192,15,4
192,16,5
192,17,5
192,21,4
192,28,5
192,38,2
192,41,4
192,43,2
192,53,4
192,55,4
192,56,5
192,57,3
192,59,3
193,4,2
193,9,3
193,10,4
193,14,5
193,15,5
193,16,5
193,17,4
193,19,2
193,21,5
193,36,4
193,37,2
193,40,2
193,41,4
193,42,3
193,45,1
193,46,3
193,51,2
193,52,4
193,53,4
193,54,4
193,55,5
193,56,4
193,59,3
194,4,3
194,10,4
194,12,4
194,13,5
194,14,5
194,17,4
194,28,5
194,39,4
194,41,4
194,44,4
194,46,4
194,49,2
194,52,4
194,53,3
194,54,4
194,55,4
195,9,4
195,15,5
195,16,5
195,26,3
195,27,2
195,35,2
195,46,4
195,50,4
195,54,4
195,55,5
195,56,5
195,58,4
195,62,4
196,2,2
196,4,2
196,9,4
196,12,5
196,13,5
196,14,5
196,15,5
196,24,3
196,28,4
196,36,4
196,39,4
196,41,4
196,50,5
196,53,4
196,54,5
196,55,4
196,56,5
196,62,4
197,9,4
197,11,4
197,13,5
197,14,5
197,15,5
197,16,5
197,28,4
197,36,4
197,39,5
197,41,4
197,44,5
197,52,4
197,53,4
197,55,5
197,62,3
198,5,1
198,10,5
198,11,4
198,13,5
198,16,5
198,17,4
198,33,2
198,35,4
198,39,4
198,41,4
198,46,4
198,54,3
198,56,4
198,60,1
198,62,4
198,64,2
199,1,3
199,5,2
199,9,5
199,12,4
199,14,5
199,20,2
199,24,2
199,33,2
199,35,5
199,36,4
199,46,4
199,52,4
199,55,4
199,59,5
199,60,3
199,62,3
199,64,2
200,9,4
200,11,5
200,12,5
200,13,5
200,14,5
200,15,4
200,16,5
200,17,4
200,27,5
200,36,5
200,37,3
200,39,4
200,41,5
200,42,3
200,46,4
200,52,4
200,53,4
200,54,4
200,62,4
201,1,2
201,10,4
201,11,4
201,13,4
201,14,5
201,15,4
201,17,4
201,21,2
201,27,4
201,35,4
201,36,5
201,39,4
201,41,4
201,46,4
201,52,4
201,53,4
201,54,4
201,56,5
202,9,4
202,12,5
202,14,5
202,15,4
202,16,5
202,17,4
202,35,4
202,36,5
202,39,4
202,41,4
202,42,3
202,46,4
202,47,3
202,52,5
202,53,4
202,54,4
202,56,5
202,59,5
203,2,2
203,8,3
203,9,4
203,10,4
203,12,5
203,16,5
203,17,4
203,39,4
203,52,4
203,62,4
204,4,3
204,5,4
204,9,4
204,11,4
204,12,4
204,14,4
204,15,5
204,16,5
204,17,5
204,36,5
204,46,3
204,50,4
204,52,4
204,53,4
204,55,5
204,56,5
204,58,3
205,5,4
205,9,4
205,11,4
205,14,5
205,17,4
205,35,3
205,50,4
205,52,4
205,54,5
205,62,4
206,5,2
206,11,4
206,12,5
206,13,4
206,14,5
206,15,5
206,16,5
206,24,2
206,34,2
206,39,4
206,41,5
206,53,4
206,54,4
206,56,5
206,62,3
207,5,5
207,9,4
207,12,5
207,13,5
207,14,5
207,15,5
207,16,5
207,36,4
207,39,4
207,41,4
207,45,2
207,52,4
207,53,4
207,54,4
207,55,5
207,62,5
208,5,4
208,10,5
208,11,4
208,12,5
208,13,5
208,15,5
208,16,5
208,17,4
208,22,3
208,25,2
208,30,4
208,36,4
208,39,4
208,46,4
208,50,4
208,51,3
208,52,4
208,55,4
208,56,5
208,62,4
209,9,4
209,10,4
209,11,5
209,13,5
209,14,5
209,15,5
209,16,5
209,17,4
209,27,3
209,36,4
209,41,5
209,46,4
209,50,4
209,54,4
209,55,5
209,62,4
210,10,5
210,11,5
210,12,4
210,13,5
210,14,5
210,18,4
210,28,2
210,36,5
210,48,2
210,52,4
210,55,4
210,62,4
211,7,2
211,9,5
211,10,4
211,11,4
211,13,4
211,16,5
211,17,3
211,20,3
211,21,5
211,33,5
211,34,4
211,35,5
211,36,4
211,39,4
211,41,4
211,42,2
211,43,3
211,53,5
211,54,4
211,56,4
211,57,4
211,61,4
211,63,4
212,9,4
212,12,4
212,13,4
212,14,4
212,15,4
212,16,4
212,17,5
212,21,4
212,24,2
212,26,3
212,34,5
212,39,5
212,46,3
212,49,3
212,52,4
212,53,4
212,54,4
212,56,5
212,57,5
212,58,3
212,61,4
212,62,5
212,63,3
213,9,4
213,10,4
213,13,4
213,15,5
213,16,5
213,18,4
213,24,3
213,33,5
213,34,4
213,36,4
213,39,4
213,42,3
213,46,4
213,53,4
213,54,4
213,55,4
213,61,4
213,63,4
214,13,4
214,15,5
214,18,4
214,27,2
214,34,4
214,35,5
214,36,4
214,41,4
214,52,4
214,54,4
214,55,3
214,57,4
214,58,3
214,61,4
214,62,4
214,63,4
215,10,4
215,13,4
215,15,5
215,17,4
215,21,4
215,26,2
215,29,3
215,34,4
215,35,4
215,39,4
215,40,3
215,46,4
215,47,3
215,52,4
215,54,4
215,55,4
215,56,4
215,57,4
215,62,5
216,10,5
216,11,4
216,13,3
216,14,4
216,17,5
216,33,4
216,39,3
216,41,4
216,48,2
216,53,5
216,54,5
216,55,5
216,56,4
216,57,5
217,6,3
217,8,2
217,9,4
217,10,4
217,11,4
217,12,5
217,14,4
217,15,5
217,16,5
217,17,5
217,33,5
217,34,5
217,38,2
217,39,5
217,41,3
217,46,4
217,52,4
217,53,4
217,54,4
217,55,5
217,56,5
217,57,4
217,58,3
217,61,3
217,62,5
218,5,5
218,6,1
218,10,5
218,11,4
218,13,4
218,16,5
218,33,3
218,34,4
218,35,4
218,39,4
218,43,2
218,52,4
218,54,5
218,55,4
218,57,4
219,5,2
219,9,5
219,10,5
219,11,4
219,12,4
219,13,4
219,14,4
219,15,5
219,16,4
219,32,1
219,34,4
219,35,5
219,39,4
219,40,3
219,41,4
219,46,4
219,52,3
219,53,4
219,56,4
219,57,4
220,6,3
220,9,5
220,10,4
220,15,5
220,16,5
220,17,4
220,31,2
220,33,4
220,35,3
220,41,4
220,51,2
220,53,3
220,54,4
220,55,4
220,61,4
221,9,5
221,11,3
221,12,5
221,14,4
221,15,5
221,16,5
221,17,4
221,23,2
221,26,3
221,34,4
221,36,4
221,41,5
221,52,4
221,55,3
221,57,4
221,61,4
222,1,1
222,6,5
222,9,4
222,10,4
222,11,4
222,14,4
222,24,3
222,33,4
222,34,4
222,35,4
222,36,5
222,41,4
222,53,5
222,56,4
222,57,3
222,63,4
223,1,3
223,9,5
223,12,3
223,13,4
223,14,4
223,15,5
223,16,5
223,25,3
223,33,4
223,35,5
223,46,5
223,47,2
223,50,4
223,52,4
223,53,4
223,55,4
223,56,4
223,57,5
223,61,4
223,62,4
223,63,4
223,64,4
224,9,4
224,11,4
224,13,4
224,14,5
224,15,5
224,33,3
224,34,4
224,35,5
224,36,4
224,38,3
224,39,4
224,42,2
224,51,2
224,52,4
224,53,4
224,54,5
224,55,3
224,56,4
224,57,4
224,62,5
225,6,5
225,11,5
225,12,4
225,14,4
225,15,4
225,20,2
225,23,4
225,33,4
225,34,4
225,39,5
225,53,4
225,55,5
225,57,3
226,9,4
226,11,4
226,12,4
226,15,5
226,16,5
226,17,4
226,34,4
226,35,5
226,38,4
226,39,4
226,41,4
226,42,1
226,52,3
226,53,4
226,56,4
226,57,5
226,62,4
226,63,5
227,8,2
227,9,3
227,10,4
227,11,5
227,13,4
227,14,4
227,17,5
227,33,4
227,36,4
227,39,4
227,41,4
227,44,3
227,53,4
227,55,4
227,57,5
227,62,5
227,63,4
227,64,4
228,9,4
228,10,4
228,11,4
228,12,4
228,13,4
228,14,4
228,15,5
228,17,4
228,28,5
228,30,2
228,33,4
228,34,4
228,35,5
228,41,5
228,46,4
228,53,4
228,54,4
228,57,4
228,62,4
228,63,4
229,9,4
229,10,4
229,13,4
229,14,3
229,15,4
229,16,4
229,17,5
229,20,3
229,24,3
229,33,4
229,36,4
229,39,5
229,41,4
229,44,2
229,52,3
229,53,4
229,56,4
229,62,4
229,63,4
230,10,4
230,11,4
230,12,5
230,13,3
230,15,4
230,16,5
230,36,4
230,39,3
230,53,4
230,55,4
230,57,4
230,63,4
231,7,4
231,9,5
231,10,5
231,13,4
231,14,4
231,15,5
231,17,4
231,20,5
231,33,4
231,35,4
231,36,5
231,41,4
231,46,4
231,50,2
231,52,4
231,53,4
231,54,4
231,56,5
231,62,5
232,8,2
232,10,4
232,12,4
232,13,5
232,14,4
232,15,5
232,16,5
232,17,4
232,33,4
232,36,4
232,39,4
232,41,4
232,46,5
232,52,4
232,55,4
232,56,4
232,57,4
232,61,4
232,62,5
232,63,4
233,3,3
233,6,2
233,9,4
233,12,4
233,14,4
233,15,5
233,16,5
233,17,5
233,34,4
233,36,5
233,41,4
233,52,3
233,55,4
233,56,4
233,57,3
234,2,3
234,8,5
234,10,3
234,11,5
234,12,4
234,13,4
234,14,4
234,15,5
234,16,5
234,17,5
234,25,5
234,32,1
234,35,4
234,36,5
234,41,4
234,42,3
234,46,4
234,53,4
234,54,4
234,57,4
234,62,5
234,63,4
235,8,5
235,9,4
235,10,4
235,11,4
235,13,4
235,15,5
235,16,4
235,17,5
235,25,5
235,34,3
235,46,4
235,47,2
235,52,3
235,53,4
235,57,4
235,61,4
235,62,5
236,9,3
236,14,3
236,15,5
236,17,5
236,24,5
236,25,4
236,28,3
236,34,4
236,36,4
236,39,5
236,46,4
236,52,4
236,53,4
236,56,4
236,58,2
236,61,4
236,62,4
237,9,4
237,12,4
237,13,5
237,14,4
237,16,4
237,17,5
237,24,5
237,33,4
237,34,3
237,35,5
237,36,4
237,39,4
237,41,4
237,44,2
237,52,3
237,54,4
237,55,4
237,56,4
237,57,4
237,62,4
237,63,4
238,8,4
238,9,4
238,10,4
238,11,4
238,12,4
238,14,5
238,15,5
238,16,4
238,17,5
238,24,5
238,29,3
238,39,4
238,40,2
238,41,4
238,46,4
238,52,4
238,53,4
238,61,4
238,63,4
239,2,3
239,9,4
239,10,4
239,11,4
239,13,5
239,14,3
239,16,4
239,24,5
239,33,3
239,36,4
239,39,4
239,41,4
239,46,5
239,52,4
239,53,4
239,54,4
239,62,5
239,63,4
240,9,4
240,11,4
240,12,4
240,13,4
240,15,5
240,17,4
240,23,5
240,31,4
240,34,5
240,46,5
240,52,5
240,57,4
240,60,3
240,61,5
240,63,4
241,3,2
241,7,3
241,10,5
241,11,4
241,17,4
241,23,5
241,31,4
241,32,4
241,45,2
241,52,5
241,54,5
242,9,5
242,10,4
242,34,2
242,35,4
242,48,4
242,49,3
242,52,4
242,54,5
243,9,5
243,10,5
243,12,3
243,13,4
243,29,3
243,31,5
243,40,5
243,51,3
243,52,5
243,54,5
243,61,3
244,10,5
244,11,4
244,12,3
244,16,4
244,23,4
244,40,5
244,52,4
244,53,5
244,54,5
245,9,5
245,10,5
245,13,4
245,16,4
245,23,4
245,28,4
245,31,4
245,46,3
245,52,4
245,54,5
246,2,5
246,5,3
246,9,5
246,10,5
246,11,4
246,28,3
246,32,4
246,47,4
246,52,5
246,53,5
246,56,2
246,57,5
247,9,5
247,10,5
247,11,4
247,14,3
247,17,4
247,18,3
247,21,3
247,32,4
247,36,3
247,50,3
247,52,5
247,53,5
247,54,5
247,57,5
247,59,5
248,16,4
248,21,5
248,26,2
248,32,4
248,51,3
248,52,5
248,53,5
248,57,4
249,10,5
249,11,4
249,13,5
249,16,4
249,32,4
249,49,4
249,59,5
249,61,2
249,62,3
250,8,4
250,9,4
250,10,5
250,11,4
250,15,3
250,16,5
250,17,4
250,21,5
250,27,3
250,32,4
250,34,3
250,52,5
250,53,5
250,57,5
251,3,3
251,7,2
251,9,5
251,10,5
251,11,5
251,13,4
251,16,4
251,17,5
251,21,4
251,39,4
251,49,5
251,52,5
251,54,5
252,3,4
252,8,4
252,11,5
252,13,5
252,17,5
252,18,2
252,19,5
252,32,4
252,51,3
252,52,5
252,53,5
253,8,5
253,11,5
253,14,4
253,16,4
253,17,5
253,23,3
253,27,3
253,32,4
253,43,5
253,49,4
253,52,5
253,58,3
254,4,3
254,8,5
254,13,4
254,16,4
254,30,3
254,42,3
254,46,4
254,52,4
254,54,5
255,9,5
255,10,5
255,11,4
255,17,5
255,19,2
255,27,3
255,32,4
255,38,2
255,46,5
255,50,4
256,8,5
256,9,5
256,10,5
256,13,4
256,16,5
256,17,5
256,29,3
256,32,4
256,52,4
256,53,5
256,61,3
256,62,3
257,10,5
257,13,4
257,21,2
257,39,2
257,40,4
257,43,4
257,46,5
257,53,5
257,54,5
257,56,3
258,6,2
258,13,4
258,16,4
258,17,5
258,28,2
258,31,5
258,44,2
258,51,3
258,53,5
258,61,5
259,11,4
259,13,4
259,16,5
259,29,4
259,32,4
259,34,2
259,52,4
259,54,5
259,57,3
259,61,5
260,10,5
260,16,4
260,17,4
260,29,4
260,32,4
260,42,4
260,52,5
260,54,5
260,63,2
261,13,5
261,16,5
261,17,5
261,29,5
261,32,4
261,37,3
261,42,4
261,53,5
261,54,5
262,9,5
262,10,5
262,11,4
262,13,4
262,16,5
262,17,5
262,32,4
262,40,3
262,42,4
262,47,4
262,51,3
262,54,5
263,9,5
263,10,5
263,11,4
263,12,3
263,13,4
263,27,3
263,29,4
263,31,5
263,46,4
264,5,4
264,11,4
264,13,4
264,16,4
264,17,4
264,27,4
264,32,5
264,38,4
264,52,5
264,54,5
265,2,2
265,5,4
265,10,5
265,11,4
265,13,4
265,15,3
265,16,3
265,17,4
265,18,3
265,23,3
265,27,4
265,32,4
265,40,2
265,52,5
266,9,5
266,13,4
266,16,4
266,18,3
266,22,3
266,29,5
266,32,4
266,46,5
266,50,3
266,52,5
266,53,5
267,5,5
267,9,4
267,10,5
267,13,5
267,17,5
267,22,1
267,27,4
267,28,3
267,44,3
267,49,3
267,52,5
267,53,5
268,9,5
268,13,4
268,40,3
268,42,3
268,45,2
268,46,5
268,53,4
268,58,4
269,5,4
269,10,5
269,13,4
269,22,4
269,32,4
269,46,4
269,51,2
269,52,4
269,54,5
270,5,5
270,9,5
270,13,5
270,15,5
270,16,5
270,19,2
270,32,3
270,54,5
271,5,5
271,20,5
271,23,5
271,24,4
271,25,5
271,26,5
271,33,4
271,34,4
271,35,5
271,39,5
271,43,3
271,44,4
271,47,4
271,57,4
271,58,5
271,60,4
271,61,4
271,62,4
272,1,1
272,15,5
272,21,5
272,22,4
272,23,5
272,29,2
272,33,4
272,34,4
272,45,3
272,56,3
272,57,4
272,58,5
272,59,4
272,60,4
272,61,4
272,62,4
273,12,2
273,20,4
273,21,5
273,23,5
273,24,4
273,25,5
273,39,3
273,44,4
273,45,3
273,55,4
273,57,4
273,59,5
273,61,5
273,62,5
273,63,5
274,2,1
274,20,5
274,21,4
274,23,5
274,24,4
274,26,5
274,27,3
274,33,5
274,34,4
274,39,4
274,41,1
274,44,4
274,46,4
274,47,4
274,55,4
274,59,5
274,60,4
274,61,4
274,63,5
275,3,2
275,21,4
275,22,5
275,24,5
275,33,4
275,34,3
275,35,4
275,47,4
275,57,4
275,58,4
275,59,5
275,61,4
275,63,5
276,21,4
276,22,5
276,23,5
276,24,5
276,25,5
276,28,2
276,34,4
276,35,5
276,47,4
276,51,2
276,58,5
276,59,5
276,60,5
276,62,5
276,63,4
277,20,4
277,21,4
277,22,5
277,23,5
277,24,5
277,25,5
277,35,5
277,44,4
277,47,5
277,53,2
277,57,4
277,58,5
277,60,5
277,62,4
278,12,4
278,22,4
278,25,5
278,26,5
278,35,4
278,37,2
278,39,4
278,44,4
278,47,4
278,57,4
278,58,5
278,60,4
278,61,5
278,63,4
279,2,3
279,20,3
279,21,4
279,23,5
279,24,4
279,26,5
279,31,2
279,33,4
279,34,4
279,35,4
279,38,2
279,42,3
279,47,5
279,52,3
279,57,4
279,58,5
279,59,4
279,60,5
279,62,5
279,63,5
279,64,4
280,21,5
280,24,5
280,25,5
280,26,5
280,30,3
280,31,2
280,33,5
280,34,4
280,35,5
280,37,3
280,39,5
280,44,4
280,47,4
280,57,4
280,58,5
280,59,4
280,60,4
280,61,4
280,62,4
280,63,4
280,64,5
281,12,2
281,13,3
281,20,5
281,22,5
281,23,5
281,24,4
281,25,5
281,33,4
281,34,4
281,39,4
281,44,4
281,47,4
281,49,3
281,57,4
281,58,5
281,60,5
281,61,4
281,63,5
281,64,5
282,11,5
282,15,1
282,21,4
282,22,5
282,23,5
282,25,5
282,26,5
282,33,5
282,44,3
282,47,4
282,57,4
282,58,5
282,60,5
282,62,5
282,63,5
283,6,3
283,11,5
283,20,4
283,22,5
283,23,5
283,24,4
283,25,5
283,26,5
283,34,4
283,39,5
283,47,4
283,52,5
283,58,5
283,60,4
283,61,4
283,62,5
284,11,5
284,20,4
284,23,5
284,25,5
284,26,5
284,34,5
284,39,4
284,41,3
284,47,4
284,56,4
284,57,4
284,58,5
284,59,5
284,60,4
284,61,5
284,64,2
285,16,3
285,17,3
285,20,4
285,22,5
285,23,5
285,26,5
285,34,5
285,35,5
285,45,3
285,47,4
285,49,5
285,58,5
285,59,4
285,61,5
286,11,4
286,20,4
286,22,5
286,26,5
286,33,4
286,34,4
286,35,4
286,39,5
286,47,3
286,58,5
286,59,4
286,60,5
286,61,4
286,62,4
286,64,2
287,1,3
287,10,4
287,20,4
287,21,4
287,22,5
287,25,5
287,26,4
287,33,4
287,34,4
287,39,5
287,40,3
287,46,3
287,50,2
287,52,4
287,56,3
287,57,3
287,59,5
287,60,4
287,61,5
287,62,4
288,2,3
288,12,3
288,17,2
288,20,4
288,21,4
288,22,5
288,23,5
288,24,5
288,27,4
288,33,4
288,36,5
288,37,3
288,44,5
288,57,3
288,59,5
288,60,4
288,62,5
288,63,5
289,1,1
289,8,4
289,20,4
289,21,5
289,24,4
289,33,4
289,36,5
289,44,4
289,53,2
289,58,5
289,59,5
289,60,4
289,61,5
290,3,3
290,8,4
290,12,3
290,15,4
290,20,4
290,21,5
290,22,5
290,23,5
290,25,5
290,27,3
290,33,4
290,34,3
290,35,5
290,39,4
290,44,5
290,57,4
290,58,5
290,60,4
290,62,5
291,20,4
291,21,5
291,22,5
291,23,5
291,24,5
291,25,5
291,26,5
291,27,4
291,33,4
291,39,4
291,57,3
291,59,5
291,60,4
291,62,4
291,63,4
292,21,4
292,22,5
292,24,5
292,25,5
292,26,5
292,27,4
292,28,3
292,30,3
292,31,2
292,33,4
292,34,4
292,35,4
292,39,4
292,44,4
292,47,4
292,54,2
292,59,5
292,60,3
292,62,4
292,63,5
293,8,4
293,20,4
293,21,4
293,22,5
293,24,5
293,25,5
293,33,5
293,34,4
293,35,5
293,39,4
293,44,4
293,54,2
293,59,5
293,60,4
293,61,5
293,62,4
293,63,5
294,1,2
294,2,3
294,8,2
294,10,2
294,14,2
294,21,4
294,23,5
294,24,5
294,25,5
294,26,5
294,34,4
294,39,3
294,47,4
294,50,3
294,57,4
294,58,5
294,60,4
294,62,4
294,63,5
295,8,4
295,20,4
295,22,5
295,23,5
295,24,5
295,27,2
295,31,5
295,34,4
295,35,5
295,39,4
295,44,4
295,47,3
295,53,1
295,57,4
295,59,4
295,60,4
295,61,5
295,62,5
295,63,5
296,5,3
296,8,4
296,12,3
296,20,4
296,22,5
296,23,5
296,24,4
296,25,5
296,33,5
296,34,4
296,35,4
296,44,5
296,47,4
296,49,1
296,57,4
296,60,4
296,61,4
296,62,4
296,63,4
297,1,3
297,5,2
297,19,3
297,20,5
297,21,4
297,24,4
297,26,5
297,33,3
297,38,3
297,47,4
297,58,5
297,60,3
297,62,5
297,63,5
297,64,2
298,8,5
298,14,2
298,20,5
298,21,4
298,32,2
298,33,4
298,34,4
298,35,5
298,39,4
298,43,5
298,44,4
298,55,4
298,57,4
298,59,4
298,60,4
298,62,4
298,63,5
299,8,5
299,9,2
299,21,5
299,24,5
299,27,3
299,31,5
299,33,4
299,34,4
299,35,5
299,39,4
299,50,2
299,58,4
299,61,4
300,8,4
300,22,4
300,23,5
300,26,5
300,35,5
300,37,3
300,42,4
300,44,4
300,55,3
300,58,5
300,62,5
300,63,4
301,12,5
301,15,5
301,16,4
301,17,4
301,20,4
301,23,4
301,25,5
301,26,4
301,33,5
301,34,4
301,35,5
301,45,4
301,57,5
301,58,5
301,59,4
301,60,5
301,61,5
301,62,5
302,12,5
302,15,3
302,16,4
302,21,4
302,22,4
302,24,3
302,25,4
302,39,4
302,45,5
302,53,2
302,54,4
302,56,2
302,57,5
302,61,5
302,62,5
302,63,4
303,1,1
303,16,3
303,20,3
303,21,4
303,22,4
303,23,4
303,25,4
303,26,4
303,27,2
303,33,5
303,35,5
303,39,5
303,45,4
303,46,5
303,54,4
303,56,4
303,57,4
303,58,4
303,59,5
303,62,5
303,63,5
304,3,2
304,12,2
304,15,4
304,16,4
304,17,4
304,21,4
304,22,4
304,23,4
304,24,4
304,26,5
304,33,5
304,35,4
304,39,4
304,41,2
304,42,5
304,45,4
304,46,4
304,54,5
304,59,4
304,60,5
304,61,5
304,62,5
304,63,5
305,12,5
305,17,3
305,20,4
305,21,4
305,24,4
305,26,4
305,29,2
305,34,4
305,35,5
305,45,4
305,58,4
305,60,3
305,61,5
305,62,5
306,1,3
306,15,5
306,17,5
306,20,5
306,21,4
306,22,4
306,23,5
306,24,3
306,25,4
306,26,4
306,29,2
306,34,5
306,35,5
306,39,4
306,58,5
306,59,4
306,61,5
306,62,5
306,63,4
307,4,3
307,15,4
307,20,4
307,22,4
307,23,4
307,24,4
307,25,4
307,26,4
307,33,4
307,35,5
307,45,5
307,46,5
307,52,2
307,58,4
307,59,4
307,61,5
307,63,4
308,1,4
308,7,4
308,14,2
308,15,4
308,16,5
308,17,4
308,20,4
308,21,4
308,22,3
308,23,4
308,24,4
308,26,4
308,33,5
308,34,4
308,35,4
308,46,3
308,49,3
308,57,4
308,60,4
308,61,5
308,63,4
309,6,2
309,15,4
309,17,5
309,20,4
309,21,4
309,22,4
309,23,4
309,24,5
309,26,3
309,33,4
309,34,4
309,35,5
309,39,4
309,45,4
309,48,2
309,60,4
309,62,5
309,63,5
310,16,4
310,17,4
310,20,4
310,24,4
310,25,4
310,26,4
310,29,2
310,34,5
310,35,5
310,39,4
310,46,4
310,57,5
310,58,4
310,61,5
310,62,5
310,63,4
311,4,3
311,7,5
311,9,3
311,15,4
311,21,4
311,22,4
311,25,4
311,29,3
311,33,5
311,34,4
311,35,5
311,45,4
311,46,5
311,50,3
311,54,3
311,57,5
311,59,4
311,60,5
311,63,5
312,3,3
312,7,3
312,8,1
312,15,4
312,16,5
312,17,4
312,20,5
312,21,5
312,23,4
312,33,4
312,34,4
312,45,4
312,46,4
312,57,4
312,58,3
312,61,5
312,63,5
313,4,3
313,16,4
313,19,2
313,22,4
313,24,4
313,35,5
313,41,5
313,42,3
313,51,1
313,57,5
313,59,4
313,63,4
314,4,3
314,17,5
314,20,5
314,21,4
314,23,4
314,25,4
314,34,5
314,45,4
314,54,3
314,57,5
314,62,5
314,63,5
315,2,2
315,10,4
315,16,4
315,17,4
315,19,2
315,21,4
315,22,4
315,23,4
315,24,5
315,25,4
315,33,5
315,41,5
315,45,4
315,46,5
315,59,4
315,60,4
315,61,5
316,3,3
316,7,1
316,9,2
316,17,5
316,20,4
316,21,5
316,22,4
316,23,4
316,25,4
316,26,3
316,34,5
316,35,4
316,43,3
316,45,4
316,46,4
316,48,3
316,51,3
316,52,2
316,54,3
316,57,4
316,58,5
316,59,4
316,61,5
316,62,5
316,63,4
317,21,4
317,23,4
317,25,4
317,33,4
317,34,4
317,35,5
317,41,5
317,46,3
317,48,3
317,56,2
317,57,5
317,59,4
317,61,5
317,63,5
318,5,2
318,18,3
318,20,5
318,22,4
318,23,4
318,24,5
318,26,4
318,33,4
318,34,5
318,35,5
318,41,2
318,45,5
318,46,5
318,54,4
318,57,5
318,58,4
318,60,4
318,63,4
318,64,4
319,15,4
319,17,4
319,21,4
319,24,4
319,25,4
319,26,5
319,39,4
319,45,4
319,46,5
319,47,4
319,53,2
319,57,4
319,58,5
319,59,5
319,60,4
319,61,5
319,62,4
320,16,4
320,17,3
320,20,3
320,22,4
320,24,3
320,26,4
320,29,3
320,30,5
320,33,4
320,35,5
320,38,3
320,39,4
320,46,5
320,49,3
321,15,4
321,16,4
321,17,4
321,21,4
321,22,4
321,23,4
321,30,4
321,32,1
321,33,5
321,41,2
321,44,4
321,45,4
321,47,4
321,57,4
321,59,4
321,61,4
321,62,5
321,63,5
322,13,2
322,15,4
322,17,5
322,20,4
322,23,4
322,24,4
322,25,4
322,26,5
322,33,5
322,35,5
322,45,4
322,46,5
322,47,4
322,57,4
322,58,4
322,59,4
322,60,5
322,61,5
323,7,2
323,11,2
323,24,4
323,26,4
323,27,3
323,33,5
323,34,5
323,35,5
323,39,4
323,43,2
323,46,5
323,47,4
323,48,4
323,57,5
323,60,4
323,61,5
323,63,4
324,1,4
324,4,3
324,7,3
324,15,4
324,16,4
324,17,5
324,22,5
324,23,4
324,24,4
324,32,3
324,34,4
324,39,4
324,57,5
324,58,4
324,59,4
324,61,5
325,1,4
325,2,3
325,17,4
325,22,4
325,23,4
325,25,5
325,33,5
325,34,4
325,37,3
325,39,4
325,45,4
325,46,4
325,53,4
325,57,5
325,61,5
325,62,5
326,8,3
326,15,5
326,16,4
326,17,3
326,18,4
326,21,4
326,23,4
326,33,5
326,37,2
326,39,4
326,42,4
326,45,4
326,46,5
326,57,4
326,58,4
326,60,4
326,61,5
326,62,5
327,15,4
327,16,4
327,17,5
327,18,3
327,22,4
327,23,5
327,24,4
327,25,4
327,26,4
327,33,5
327,35,5
327,48,2
327,57,5
327,59,4
327,61,5
327,64,2
328,16,5
328,17,5
328,20,4
328,21,4
328,23,4
328,25,4
328,26,4
328,29,1
328,32,4
328,34,5
328,42,5
328,57,5
328,59,4
328,60,4
328,62,5
328,63,5
329,1,5
329,15,4
329,17,4
329,21,4
329,22,4
329,24,4
329,26,4
329,33,4
329,35,4
329,39,4
329,42,5
329,44,3
329,54,4
329,62,5
329,63,4
330,13,5
330,15,4
330,16,4
330,17,4
330,20,3
330,25,4
330,26,4
330,27,4
330,33,5
330,36,2
330,39,4
330,45,4
330,58,5
330,59,4
330,60,3
330,61,5
330,62,5
331,13,4
331,20,4
331,21,4
331,25,3
331,27,5
331,44,5
331,55,4
331,64,5
332,1,2
332,5,4
332,13,5
332,19,5
332,20,4
332,34,4
332,38,3
332,45,4
332,48,2
332,55,5
332,56,5
332,64,5
333,18,5
333,19,5
333,20,4
333,45,5
333,56,4
334,5,4
334,13,2
334,17,3
334,18,4
334,19,5
334,20,4
334,21,5
334,27,4
334,29,3
334,44,3
334,55,4
334,56,5
334,64,5
335,1,2
335,2,3
335,5,3
335,13,5
335,16,3
335,17,3
335,19,5
335,44,2
335,45,5
335,53,4
335,60,3
336,3,2
336,5,4
336,15,4
336,18,4
336,19,5
336,21,4
336,22,3
336,34,5
336,35,4
336,41,2
336,46,5
336,60,4
336,64,5
337,3,3
337,18,5
337,19,5
337,20,5
337,21,4
337,23,4
337,36,3
337,39,2
337,44,3
337,48,4
337,50,2
337,55,4
337,56,5
337,61,3
337,64,5
338,1,3
338,5,4
338,7,3
338,15,4
338,19,5
338,20,5
338,21,5
338,31,2
338,34,4
338,46,5
338,55,4
338,56,5
338,57,2
338,60,4
338,64,5
339,5,4
339,9,3
339,13,3
339,18,5
339,19,5
339,20,5
339,21,4
339,23,4
339,46,5
339,51,3
339,55,5
339,56,4
339,64,5
340,5,5
340,13,4
340,15,5
340,18,5
340,21,4
340,26,4
340,34,4
340,39,3
340,55,5
340,56,4
341,1,2
341,5,4
341,11,4
341,18,5
341,19,5
341,20,5
341,21,4
341,26,4
341,31,2
341,48,5
341,56,4
341,60,4
341,61,2
342,4,3
342,13,3
342,18,5
342,21,5
342,24,2
342,44,3
342,46,5
342,55,4
342,56,4
342,57,3
342,62,4
343,5,4
343,6,3
343,8,1
343,18,5
343,19,5
343,20,4
343,46,5
343,49,2
343,53,5
343,60,4
343,61,3
343,62,2
343,64,5
344,4,3
344,19,5
344,20,5
344,29,4
344,53,4
344,55,5
344,60,4
345,8,3
345,18,5
345,19,5
345,21,5
345,25,3
345,30,5
345,34,4
345,40,4
345,48,2
345,49,2
345,53,4
345,55,4
345,56,5
345,60,5
345,61,2
345,64,5
346,5,4
346,9,2
346,16,4
346,18,5
346,26,2
346,29,5
346,33,3
346,34,4
346,38,3
346,51,3
346,53,4
346,55,4
346,56,5
346,59,4
347,5,3
347,12,2
347,18,4
347,19,5
347,20,4
347,21,4
347,25,2
347,34,4
347,39,3
347,42,1
347,46,4
347,53,4
347,55,4
347,56,5
347,60,4
347,64,5
348,6,2
348,14,4
348,18,5
348,20,5
348,23,4
348,39,4
348,50,2
348,64,5
349,15,2
349,17,4
349,18,5
349,20,5
349,21,5
349,26,5
349,37,3
349,56,5
349,58,2
350,5,3
350,14,4
350,21,4
350,33,2
350,34,5
350,46,3
350,55,4
350,56,5
350,60,4
350,64,5
351,5,3
351,17,4
351,19,5
351,20,4
351,29,1
351,34,5
351,50,1
351,56,5
351,64,5
352,5,5
352,14,5
352,18,5
352,19,5
352,21,4
352,24,3
352,26,5
352,34,4
352,48,2
352,56,5
352,60,5
352,61,3
352,63,2
352,64,5
353,5,4
353,12,2
353,18,5
353,19,5
353,20,5
353,21,5
353,23,3
353,26,4
353,34,4
353,40,3
353,55,4
353,56,4
353,60,4
353,64,5
354,2,3
354,3,2
354,4,1
354,9,2
354,13,5
354,18,5
354,19,5
354,21,4
354,31,5
354,34,5
354,55,5
354,64,5
355,13,4
355,14,4
355,18,5
355,19,5
355,20,3
355,21,5
355,22,2
355,28,1
355,55,5
356,5,3
356,14,5
356,21,4
356,31,4
356,34,5
356,39,3
356,49,1
356,55,5
356,57,3
356,58,3
356,60,4
356,64,5
357,5,4
357,13,4
357,19,5
357,20,4
357,21,4
357,31,5
357,34,5
357,38,3
357,42,3
357,46,3
357,55,5
357,60,4
357,62,3
357,64,4
358,3,3
358,5,4
358,6,4
358,13,1
358,14,4
358,16,3
358,18,4
358,19,5
358,21,4
358,34,4
358,60,4
358,64,5
359,13,5
359,19,5
359,20,5
359,25,3
359,31,4
359,34,5
359,40,3
359,53,3
359,55,5
359,60,4
360,5,4
360,18,5
360,21,4
360,26,4
360,27,2
360,32,5
360,34,5
360,45,1
360,46,2
360,55,4
360,56,5
360,60,4
360,61,2
360,64,5
